SNR,Constellation,Elevation,Azimuth,NLOS_Status
29.299471411490632,1,25.407446927835572,251.33821704710826,0
37.724489419333665,2,72.74804733585563,192.99469188388335,0
42.815842477537764,3,49.05615452552374,111.42994186307799,0
37.46119888903554,3,39.31901845403448,292.9662070945015,0
15.0,3,13.272137626431853,246.50322211939653,1
19.46974418736509,2,13.270841477709855,58.54209816416087,1
15.0,2,8.058090599931937,327.93378641778327,1
40.064433021891624,3,61.38285131999483,296.1134074523408,0
34.91339069764266,1,39.48529260942606,341.9279687850927,0
35.416212304743866,2,47.181945508136415,261.2590230198096,0
15.0,1,6.081682774589296,220.82947053688434,1
40.741225983184194,4,76.53993164726253,150.5674930646228,0
36.55511476454568,4,57.89183949191836,335.78225400744475,0
17.040211165219286,1,16.319197225321304,311.783000220147,1
20.713332099712854,3,14.663021464849052,16.278721238228187,1
29.08617002869383,4,14.748432777808862,9.492110819010723,0
31.034908119445134,1,21.40029185950897,135.52681207609785,1
32.665086886985165,2,34.4840390939075,291.79919908145985,0
21.52383080297945,4,28.780425985346206,355.41940655338,1
29.781600988851203,1,20.671077354205185,54.15008079727015,1
32.66605061147274,2,40.21683956582887,213.88705752676864,0
22.26465855167595,1,12.38572063614102,137.12070838716775,1
31.583488113199383,4,20.72226371985711,349.16918321325716,0
26.12147196163528,4,24.934825041959957,303.1628123288551,1
19.88900598132727,4,30.230278376028743,301.79833369600965,1
39.14784420779279,2,53.50406983346692,168.7295375261893,0
24.344674735391532,3,15.630161450638166,149.33502084155947,1
32.165206966582936,3,33.81903771959104,98.42654589505425,0
34.44918783570384,1,38.898153747174646,20.29517879433376,0
19.710097014448273,3,7.444036284034099,311.30005545181916,1
34.693142073657135,1,39.92240472118258,292.6443632868279,0
27.54625012888934,2,14.052903755353006,359.898362383007,0
29.44319518292556,1,8.426335060199841,358.78926134660594,0
45.637854044024834,1,72.42840546275045,199.9554140169459,0
44.09024930616023,1,75.61019546131614,276.83546946498376,0
36.62321226548246,2,55.598288291926984,340.1156627576741,0
24.574374464273568,1,21.421163901661107,305.87306064386814,1
26.968886302623613,3,10.155202024417044,89.04531662755116,0
36.70399141400174,1,45.37779979327373,162.19588871163367,0
20.56541129368032,1,29.271356249238416,46.497389454538194,1
28.35553232763918,2,11.45262667860703,343.45836981314005,0
38.94450940474851,3,32.62750479007464,218.2228684023168,0
24.83642781992412,1,6.808259400650949,82.31140998124658,0
39.92204590395042,2,66.5235150535372,241.81224638610843,0
17.899839208342357,3,18.867551262341692,222.5261665648425,1
36.622167071692154,2,43.78350890225568,128.93857849182257,0
26.714739927693845,1,21.820462441282316,40.88073319186645,1
32.50928193938794,1,34.18707927304344,241.76635041340785,0
32.77427308666288,3,35.889017859265756,187.31077232536558,0
28.964618444414054,1,14.826865847441184,278.03462102483013,0
45.267158700968466,3,76.46704844972098,187.25886040031762,0
34.98249475136318,2,52.629882596481906,306.78534011467445,0
46.298347938903376,4,70.86903921625714,198.6864619588148,0
40.00236485560699,3,64.68809737305408,201.93766975273905,0
31.90257061049957,4,39.267757616822266,315.5952969570042,0
38.794226165908874,1,68.23049385734068,145.25383183646292,0
24.712431277342873,3,9.667812989799604,48.245482242230665,1
23.70165450742647,2,15.429803437624475,10.36176347280203,0
29.208265451960173,2,7.379525297094667,271.8494120425028,0
16.899454214900782,2,22.589843657958234,223.31143848724727,1
34.42716727282542,3,26.22884894662306,253.46871651572047,0
19.93718644310207,4,19.56372981949972,76.66709814320787,1
39.167002929216885,3,57.529077822032384,49.09373121123711,0
28.111408156283556,2,24.381852707941988,5.236079640437494,0
15.129135898046144,2,20.09667501684173,126.21152117037491,1
38.56455692440083,3,35.6302902019877,212.37036726766792,0
21.108138768343455,1,12.462325657183172,141.20785623590365,1
40.51048854005538,1,55.02843993744309,157.49097192854245,0
20.22225940778997,1,8.928910207715461,325.49713001774944,1
43.392985723248074,1,81.12594279746743,125.37196812838812,0
36.31791886614888,1,52.381720661453684,185.03621609753188,0
16.394650284164513,1,15.578133150005243,282.1150845868115,1
15.0,1,5.2899871313051205,142.75540163565725,1
39.641217629669995,1,56.25777804887143,223.95121208203446,0
34.64220890485422,4,47.08851305839778,310.45093514882825,0
37.85121983613453,2,48.818343228727244,341.82742451675114,0
40.95649699110136,1,52.29830573962316,52.946453134453655,0
22.18005760657911,2,8.902122098610004,333.571545058138,1
37.834116744547956,1,24.48022308006833,177.16186550863375,0
25.465365415511425,4,11.123600347484063,92.96797978762501,0
40.25293489807016,3,61.04908836466152,165.28887224577406,0
40.29620262309118,1,41.00537742020753,352.8117271027717,0
26.27567449907704,2,22.905607524160793,177.34251383743305,0
15.0,3,8.347391047299359,118.35057970350296,1
23.040223770087607,4,21.77941131909668,228.02430755402128,1
25.49469774770776,2,22.581516118550194,86.4524227601495,0
35.483271838508614,2,48.86594664111911,27.31079811911901,0
34.27319831322397,1,42.00121916269664,46.39669988783372,0
37.50588995372393,4,63.77203859406975,46.09650202479808,0
34.07127122804084,1,31.212554719434895,54.684969664425964,0
15.0,4,11.322233998564286,49.97778215378765,1
34.41433785106594,2,47.58146359325129,230.71490812915727,0
36.95164016432597,2,51.41042781531711,65.47683038369213,0
23.4351722693947,2,36.835127682427085,124.44022199659075,1
38.10396964739933,1,52.272385350392575,322.84382756616424,0
32.34449304741581,1,32.541763135681606,170.62619049463405,0
31.18558969994507,1,34.35573688583583,240.32078586756978,0
18.013147579465645,1,28.517953105920714,62.03515363258674,1
15.0,3,6.3360364994247185,69.22404677112148,1
15.918970197239798,1,10.698670362783373,14.71270185593239,1
19.91114994610507,1,6.652405799489525,60.816622705979235,1
34.79462395947856,4,41.9205392807607,100.2925220515051,0
23.378563686200394,3,21.96955053659688,63.723774339628854,1
33.1982209631659,4,33.46322027689066,31.93291215254002,0
43.72088333310004,4,66.29429786465502,43.42891359621629,0
28.636044385900725,1,18.343954894764845,165.88035649178127,0
25.503535690428386,1,27.50147431369768,74.2801386260853,1
34.71077940016817,3,50.97363199977929,131.13714997730716,0
28.515106967841355,2,17.218281276376064,181.23021750774848,0
18.412530523504845,1,9.057547371708056,248.5421383065715,1
32.15411300826593,3,20.588495742701966,14.152370342795617,0
33.393473246053844,1,13.55187661166109,287.7877436072554,0
37.273251307276354,1,69.3618254132278,226.0441402167268,0
36.99670957343348,2,55.5726572697619,29.433251501593887,0
34.43958047180507,2,41.70954463701176,314.4883046784398,0
40.36998992260331,2,61.965352746009664,331.51406419145275,0
35.163793475605644,1,55.16327037569855,21.98806554775095,0
18.86406897756024,3,14.91970608798333,99.67595333299334,1
44.82786082739566,1,64.41201277861664,290.23246072550205,0
39.505091824931355,1,35.41476508269253,269.373488538117,0
40.48257505243618,3,55.50977930740507,66.42756696829584,0
43.84975270943295,4,64.84316153172557,75.3657564012157,0
19.876030580287253,3,22.175409906690327,133.36995700489751,1
16.261281747387816,3,10.813689851194358,174.42827466876767,1
25.839106172083532,2,17.17103265542742,222.57171775090654,1
19.12637303324869,2,28.492168535326332,132.80891024511806,1
40.55974253498581,1,56.49896214672192,166.51249780793324,0
29.97397836761667,2,60.79373331125667,269.0895377281524,0
29.227992782916225,1,5.365104367557178,13.205953040615244,0
29.57833714274537,1,33.59978920128509,90.87729996384748,0
31.114050408548334,3,27.916673697106823,256.80585091843886,0
20.48576266789728,2,16.85230344160936,322.27446156739177,1
24.866486690092145,1,11.336696033923495,184.2038791616398,0
37.18388731214779,1,23.287543283163675,191.56085469551363,0
38.5075045433095,2,71.42103597164606,38.581924082319375,0
33.33230173073153,1,22.469382787648595,161.06845205644368,0
40.446883692700716,3,34.10635130053074,191.74221592380835,0
32.93536871501359,2,46.79447069641615,87.28938130850268,0
24.94354577101716,2,24.777334053624685,96.92756314177714,0
43.129403422236884,2,76.96727835822995,135.82229871766415,0
44.98102122952041,3,74.95455335486753,7.225631199981493,0
15.0,1,18.481217640053927,115.94849960994418,1
30.94458845234107,2,32.756248263039176,76.12128251875608,0
19.186452497125387,2,21.21144393771866,117.89904678404928,1
25.398697098584297,1,20.314363004062482,43.11436745493044,1
18.469000474273226,3,6.939878556150263,320.58982106636216,1
32.55826475037682,3,40.06026856055855,213.69328327945752,0
28.20769483897721,2,33.09462714316596,244.47683489201626,0
16.784106728558704,3,7.709345647104232,284.1016458986418,1
29.163584331049737,3,19.969298512159263,179.4391916144606,0
44.11043166575616,3,66.38545108592324,31.29130371147253,0
32.34003691228605,3,17.80861350198577,193.3583550546772,0
20.104322268556118,2,12.675097982786314,211.2628024875165,1
32.27265181801467,2,32.27272313812456,268.3582107063588,0
44.09067230001065,2,80.71610413520594,155.39743664268457,0
23.626146191919023,3,17.945638624950398,45.928909006402954,1
33.99930520792332,1,44.484060827177736,102.1593260875408,0
41.832720454449806,3,51.480462226310806,130.70962670350863,0
20.766341358231692,3,17.702931937701617,232.53020687937644,1
38.88226063346744,1,48.75556587116316,205.48018968080828,0
24.968518241134557,3,25.01683012619056,128.19482132322466,1
37.59107641758412,1,41.63266927634515,355.1454895654727,0
35.82414484334797,1,41.71836966790741,218.0789349684794,0
32.63857912511449,3,35.18613694929446,85.40164502495801,0
19.89765025804994,1,9.763181725057217,36.64169014334534,1
40.08505394873452,3,58.17436380421223,55.02929010635953,0
29.80405077112662,3,22.332318874804496,88.54478221842292,0
15.0,2,14.916915947830555,57.84529437344004,1
20.096546818104265,1,7.144785326472661,67.16412865847008,1
38.703156429960444,1,38.795968447946926,102.63426072978496,0
35.031881787837115,2,44.88341308655307,62.414494306111735,0
15.0,4,5.871506160221743,322.8355528655131,1
34.18745535072336,2,33.68433531582261,28.884148438191197,0
29.593192016258214,1,17.09225427593884,188.82410024529167,0
29.712862737320556,2,42.53947586720825,147.74285771627814,0
22.04978386984068,2,14.260158679038991,353.6563020870983,1
41.35043910078261,3,45.879255537847506,40.334004780498844,0
23.808308127691713,1,26.11567797343184,143.228015656467,1
41.21302107316009,3,70.43194460951766,349.0093559791328,0
15.0,2,12.280095391604325,311.5825653218329,1
17.852851112396642,4,23.484202450021957,294.1459455417408,1
27.906407195561066,1,10.995937579381039,92.84501773617833,0
43.69872878248121,2,68.63161404910593,61.51953146042369,0
44.35736881781843,4,62.62672367339824,240.71155917279515,0
20.63718145132109,1,18.82122019645689,334.5753560859309,1
35.61763051053393,4,43.59990864230392,200.4346414850147,0
42.624817737871226,2,56.42393404340698,205.78056820916396,0
40.54443805844,1,36.43907067310588,100.79247371770231,0
35.378593648521516,1,34.79516220529721,277.01745594909727,0
25.220200940711013,3,17.934479755713813,67.33574948070842,1
19.99744570022859,1,9.912503255562378,116.52452510552773,1
41.23888226509476,2,64.98186750425357,153.15711790191003,0
40.044494448931644,1,65.38088725192699,182.7397363264038,0
31.398918036826895,2,41.688368870826714,87.26750366942889,0
27.86529898782125,1,23.368117509460195,41.34125690611327,1
21.176389900820652,3,23.949399898033526,219.82321527898773,1
34.58654995701914,4,48.576538736865245,103.90699916649208,0
36.717686923282294,4,64.96882338518533,209.24575971214043,0
38.54457924466842,3,63.757093324419856,55.57057749871283,0
38.93242344406479,1,53.04049501510893,173.21043666773429,0
37.34449958587336,3,42.31689981559142,191.73219571857092,0
15.593517852529349,1,9.43696503201558,18.65647325607369,1
17.954559579144092,1,13.573797193019262,121.1775401498114,1
44.03702832069121,1,65.14791158880459,48.389283698030724,0
31.053060542753304,2,39.84635198494884,22.814989370196386,0
31.954045587369016,3,5.483046633910444,356.38568366038027,0
19.918087297102485,2,10.35714710018378,116.04738419090027,1
33.274369372969694,2,43.85450954858468,291.5548005076686,0
23.82618784438943,1,5.26579770612558,91.67063571495498,1
20.162689181686734,4,13.529645556504589,245.34098000061454,1
39.0703003909006,2,36.01976016982266,273.68202956028716,0
35.01117248615401,2,45.95123428024095,214.42994661882395,0
37.862028624892595,1,43.02323081516249,169.76742787805702,0
24.9360933435332,3,16.970464215633744,148.26272909301667,1
33.964983222978276,2,47.49890753217755,125.59257595547831,0
29.399004851361717,1,17.681606183090583,334.6304919292173,1
21.8007368655062,1,22.593773257270467,299.0229868035825,1
35.66245363797213,2,50.227094228919704,347.4096878399445,0
32.10072546515509,2,42.856882285404915,44.7470004547961,0
38.0447147428313,1,59.58310956237918,263.11229107331195,0
38.02939332414782,4,43.4288989916171,337.80256445557364,0
38.063538685675056,1,37.29600888668094,65.24390381963765,0
15.0,2,9.942874852124675,23.938656252039898,1
30.118749313308964,4,25.012944127355105,266.8034337444213,0
17.92461318713878,2,19.222908004173586,206.8103207447683,1
26.18853121975654,2,18.052016212384785,303.05835963297795,1
48.90816457571762,1,77.25532818213713,50.31805558546422,0
33.7573085602691,1,26.4868717002628,286.29623226956045,0
34.49670926519421,4,64.35002656906624,72.58583521718803,0
32.18683762972822,2,41.55104352388825,58.91613943165362,0
46.20232265556602,3,54.36005037942978,59.13568725515746,0
17.959332057629442,1,33.0920094771603,293.2468992832976,1
38.50685994863875,1,37.863263954654684,239.47099945063204,0
34.27746710971086,1,32.46251332673111,188.30355291688295,0
17.40088537174733,2,15.38966339996762,129.1789742844609,1
38.386475627006504,1,48.300329446971986,315.79219469271897,0
24.01422545871329,3,20.08764480426753,141.28023867214873,1
17.682706024708054,2,6.277987529954842,293.97579820976773,1
40.74153909119761,4,42.5607397012883,158.08856708527864,0
15.0,1,14.408300803105702,135.69999459296673,1
45.49432999172599,3,71.02278325103116,166.5647228410583,0
43.122009308187565,3,73.32423680216904,108.49603469909115,0
44.55063277444247,3,67.26237111520369,269.1393768634504,0
30.481797151288244,3,25.154017333874297,180.9793404332925,0
33.50575217872089,3,5.812032486928123,83.59657025285424,0
45.554732115396355,2,69.15814384670705,323.84684637884465,0
21.521143952477622,1,28.55624195903063,138.20083969435612,1
42.67194452879932,1,75.82704736800989,195.6790300010359,0
46.30612703373859,4,75.19267093335372,326.3299599472369,0
40.24817740036805,2,59.97653100863249,224.72567852903717,0
20.672580388366338,3,20.85117143949152,42.083294655011066,1
27.513604610900035,2,26.020327360781838,338.33956450085105,0
38.36221268681468,1,59.78134365518125,225.97489910571042,0
17.49626997284379,1,22.114341979871863,120.566021276551,1
15.0,2,13.997303069597205,50.13794615881941,1
29.087415172814058,2,36.543190458002194,285.8490681373066,0
46.83693567209624,1,70.34231622590525,223.22619213426486,0
34.731417405936604,2,46.26314111355258,192.04599311147575,0
30.630414090308598,1,37.41132193115853,321.80132989834476,0
33.568293339299814,2,10.12886855345633,283.8949960408311,0
37.13083350394189,1,40.43323708970803,54.602956703790426,0
41.45866381470188,3,82.27332557853728,112.21994440639736,0
23.422350653341432,1,12.417324398490372,89.45609033320767,1
30.10115504943255,2,34.07723827651427,267.8206653261637,0
37.785228965828225,1,62.63055951658301,12.071676504880578,0
36.130503066140896,1,49.76149836929372,205.16028655367396,0
43.62268042444095,1,46.33778105007,274.4851268666486,0
32.22575018064824,2,46.753623822319604,315.6356292342298,0
16.240914048013877,2,24.53916616251711,123.14942953772669,1
16.944386516067578,1,20.80321222101346,295.6526296819246,1
40.93088733248114,2,55.68761109850623,39.827425303874605,0
44.535163007406425,3,55.757468410854685,304.7228250244265,0
45.31892791474643,3,61.4808676216356,45.89591843951367,0
42.18600966355991,1,67.04363196315687,143.02342460173222,0
34.222511705762486,2,33.637165450230825,287.0263316806393,0
38.489451131567755,1,33.02206772170717,53.97027384555856,0
41.515506824326735,1,54.673963324622406,82.53050228375093,0
40.18116990449692,4,42.88050530965766,260.0109246215039,0
36.4627686429624,1,46.7141556379398,259.21315315658677,0
37.653200771985055,2,54.44823227630836,230.81314783870704,0
42.452296731414066,2,64.10449021788277,249.821440008156,0
31.47083984405278,3,23.309181782336214,195.38079960513463,0
24.682574612878923,2,25.467844720526887,90.64766120650299,0
21.534538260077557,1,9.959185988547864,124.450557661411,1
37.89937508301015,1,37.95449608818579,65.37517804851323,0
15.321182715775633,2,6.890108084836473,327.0422020801062,1
30.430738949035092,1,30.80876225480633,210.02104611580336,0
30.17956215534841,1,35.62697963235263,144.30651003491036,1
32.583066472261244,1,20.409245039970443,166.32208931188777,0
32.37782999933097,1,38.7919634288468,341.02200226025354,0
19.32749722992993,1,6.603493585108045,55.20650512178887,1
16.34124684258867,1,6.964181137153364,211.042739526047,1
41.15652314981267,2,56.93602765547561,182.11992439840776,0
18.530886542178962,2,24.57938996257148,220.12352475647322,1
29.13462383734468,3,11.72076689677824,6.519666175502583,0
21.18455441946241,1,34.32472629933885,313.96460721989456,1
39.16364623279828,1,52.18924371409542,335.56258169410046,0
16.5031841604226,1,16.50904637573024,203.44794609211522,1
37.13639240789051,2,40.97713054811014,250.7942965956812,0
15.88063921358784,3,9.50099223136342,332.09977722382644,1
22.997941960529747,1,7.720058367952259,254.6059083528235,0
33.57566902465561,4,34.9037650697833,54.91405544913408,0
35.42167238051739,1,35.49777982230569,207.46380966005273,0
30.997775981751246,2,41.992241327755735,218.41741669782812,0
37.77323105423054,3,48.587263625244326,152.68704166885897,0
46.69103487603429,3,77.94750776985238,265.11992482490024,0
20.957913133757867,3,33.949194077192814,336.37212531684537,1
30.28685351680403,3,22.455434179262767,333.2046646464395,1
42.76848196959005,1,54.39371434041071,162.30217370548755,0
20.5215561078057,3,19.535047672963092,40.765696502671894,1
33.46972031907402,1,29.20056605943722,354.54283162644043,0
20.703668399931136,3,9.135753568181226,302.0033111205363,1
15.0,2,6.332437937660338,44.87856523317606,1
45.70554959951533,3,74.99512911928147,331.50307774225405,0
39.12978793566816,2,58.241635494853384,313.1626903423662,0
34.57486855657611,2,46.25893571103061,186.78170056538596,0
34.734034720678515,2,27.417187498206804,212.85915686817452,0
20.4680239378492,3,14.202309806658596,143.6409733932469,1
18.683197505254906,1,13.294622522251801,19.71418997593128,1
23.677374234656405,1,18.39634677788686,120.67100699252433,1
34.010990074316474,1,36.05163849518887,289.0272414952841,0
39.56673062352757,1,47.68633211223019,1.6675282816570292,0
41.23589069043727,3,43.61531805060131,120.05970180881191,0
23.5134508189822,1,20.040957755916576,143.3407296927396,1
43.43169757739938,4,73.49582375259114,193.46241705765223,0
40.28356329059485,1,49.52954043920371,331.14802190859376,0
20.444018021089654,1,36.38403995100172,124.68455797174605,1
35.93896286123407,3,40.207788848133,124.90315268264197,0
29.58742933154392,2,28.046322188793678,265.5004493195094,0
28.805344959886433,2,18.257948560696722,162.7984587203306,0
27.682686302142947,2,24.33703313212396,80.8577362583935,0
39.4974331994727,3,51.16464946380994,162.8782258077696,0
15.0,1,5.7561440956563565,50.70852733672795,1
15.0,4,11.134452132871038,63.49931514224039,1
29.25524972602315,4,7.4204185022563305,179.4123981862127,0
18.47149096408487,2,7.142342725782019,150.81316182163724,1
43.615887425565326,1,60.23374763835193,329.34452438451603,0
33.880377879734226,2,46.843302381353226,130.46180368198793,0
35.82746958119707,1,31.332425871716435,209.01180610009564,0
15.0,1,10.16381241450463,227.61514365103093,1
27.445075132016342,1,32.40662851014833,4.714004371800109,0
25.828867360286424,2,31.28944731927132,238.87345392601583,0
22.849485164268195,3,14.197322072402315,64.09294807311052,1
34.96410539748391,3,28.894263541942003,345.98531428900384,0
25.327563209070313,3,26.803271231171994,53.51858199112066,1
30.64453083491364,2,40.49117870802584,149.26468454172854,0
34.695250140100114,1,41.82804888892142,30.72588050831179,0
18.95274979103884,1,7.383571493548389,358.87473066454106,1
35.002584465784196,4,25.411644686126753,180.79020371924733,0
34.28038300759708,1,41.18316653490195,214.33860623521576,0
33.6440276649412,3,33.12317706355208,24.147531859833894,0
38.791259488575214,2,60.34235947086274,269.985769343704,0
35.50030772843858,2,43.50678275111208,75.56601351441087,0
23.599330376362946,3,13.644061474813158,323.299544198657,1
17.703221160661993,2,8.718154261437153,73.85027057352258,1
37.12094588168465,3,42.3443240865986,68.64757943891996,0
16.883107424358492,4,6.393514311701994,13.157880425314158,1
30.836945868825154,2,38.453378115969045,169.94410023959972,0
42.19261005552007,1,70.98609198684952,203.34280797454193,0
32.63917432017046,2,37.76860803894582,23.655110194206852,0
31.699267701323603,4,26.199270628968193,279.1899420102038,0
36.18432763735303,1,42.40584356350446,163.18398050928994,0
31.766598658120436,2,30.362507988421203,188.78049695792882,0
36.05187318913731,2,35.81845548219522,158.67458889776213,0
43.427082198502916,3,71.18528924588908,144.27470191511736,0
29.780415232285307,1,26.078829192396825,201.47051927095845,0
41.07011203303282,3,74.70338995711028,55.8864885350565,0
45.35704668300917,4,66.00766705302844,65.4941269782976,0
18.298067847739915,1,15.419400992815152,310.2428235648662,1
26.331530923174988,1,8.654269499445475,340.6015663681078,0
15.0,4,10.320274747920815,134.39135386071106,1
22.95868480710124,1,5.957425026794643,97.46808233167935,1
15.625995633902132,3,9.983668183947803,231.83983556604568,1
36.35695506802135,2,45.28656782488651,147.14430159531472,0
33.899654762547264,1,8.750956831993634,9.13908803772415,0
22.311262712445128,3,22.23032776381438,56.21493505182853,1
38.84976304406862,2,59.13688397663921,257.7500023850631,0
16.020702997240935,2,6.223055956546482,237.2126190876545,1
39.474081681817225,1,56.1643956852157,9.754557301254057,0
29.62000945305733,2,20.147935772821132,79.9099782958618,0
29.03997693664178,1,11.245998670426339,83.1869267717057,0
38.86882643136929,1,46.316681441081215,241.88138769554223,0
34.29216921384116,4,41.39776531807067,7.095793591571096,0
42.45466873847904,1,62.64181803997321,37.479089514446585,0
33.759208092895484,2,49.30235371028383,287.9697907343482,0
41.41555393591855,1,55.14577303933554,64.2760783395601,0
20.457839471533077,3,20.157952862825006,234.9885988266749,1
16.161753662894974,1,14.426060383139447,85.74580117682154,1
32.36888140274552,4,50.56539811668846,35.79890139336426,0
38.582633657566845,2,55.45390078459895,87.54198875980347,0
42.52744331339799,1,82.45091367262225,260.0160954680373,0
29.222441952897643,1,27.633326253439215,308.0507285182629,1
20.71935961373418,1,25.26150309594445,298.879151244117,1
40.14551514284874,2,52.74033203528146,142.98607066264373,0
21.56430104210271,1,23.469216370944046,240.51064916543262,1
42.827025790582574,3,69.51964705529916,73.79434634969554,0
37.06210353678396,2,60.546248800735036,105.53318289396478,0
23.24775726301189,1,28.604478068758404,322.6808946676031,1
34.50605167970914,2,50.58650791628723,4.680692463864973,0
36.24364522153137,3,50.889959186387344,30.783071107608507,0
20.38677525477094,1,10.445011039270915,74.83905185256984,1
43.79952252758493,1,65.65030083666105,9.551593394575097,0
36.71686749736925,1,33.25542906479031,65.31675663232703,0
38.41289062106457,3,57.307627560731746,209.89496194908918,0
17.056355671374117,2,22.291022282428603,151.71283821329925,1
38.39840580620304,2,64.77335905382573,321.36181598771094,0
29.158775228298747,3,26.259427730015908,294.2796822258387,1
19.47114274934851,3,5.56925416078863,123.05424661123536,1
37.86134320365989,2,66.01169787073367,93.39243603526529,0
26.612270560288316,3,9.816092517341866,136.68926694021607,1
23.7494585290963,1,22.249427113764735,212.5061793053308,1
38.095797319318784,1,72.63337393271638,96.50291069623546,0
42.89565957588346,1,72.72915932644331,224.69360682568825,0
29.106652305346305,1,37.63400110167002,147.38819478884656,1
36.21045683297503,2,41.59988512804972,198.7369851067129,0
31.333897956324183,4,29.76981057196577,157.005550488714,0
35.31626926678136,1,20.781892823096197,106.00767343509037,0
30.723993428121627,1,22.77885120664422,341.4431905063764,0
35.45825030481641,2,44.512138319469045,274.8980858975139,0
42.674258374110174,4,50.71052184280836,50.44074327592292,0
38.42642303673178,1,54.07093946025924,312.6484713232486,0
34.11180164935611,2,53.89652327696658,175.4752313698249,0
15.0,1,9.811815755434086,322.0388016818729,1
34.183036590911385,1,32.58053021285794,287.9478921410335,0
16.382255406810405,4,8.030366926220735,153.07686160892405,1
30.07730635924748,4,36.07119179484466,8.088950995242264,0
22.22931508607278,1,29.354012169363905,96.72384937858058,1
38.02298530182205,4,63.830258463829715,194.9883172779121,0
18.42408321215308,2,24.04703795311236,228.052159137413,1
26.278455983234693,3,11.187462680203451,92.83956675595282,1
16.797503836437613,2,12.573091066288837,50.168186666216684,1
36.96883724828733,2,51.471310537088954,300.57488524774766,0
34.47298465294562,2,40.65422861456351,354.3847850532788,0
25.677428889834992,2,10.33859894852242,189.2484656289669,0
22.841059570544036,1,9.435206963939587,61.80454290538926,1
42.14565907518084,1,46.63809880891347,98.03063754697283,0
24.39234541562517,1,8.834278287096183,6.620643557088024,0
41.80266012601475,3,56.86510612984637,329.14757036177963,0
40.00806350350585,1,47.04128265772044,42.39038984045081,0
15.0,2,9.289008973378,207.54593118513128,1
32.41405402093093,4,9.473961439685384,98.65987944739416,0
46.13404093358953,1,81.04246669605092,199.50408090568564,0
24.860258730546033,2,25.391853461219828,234.51133980667112,0
16.847137305135746,2,25.181954885511306,298.70704933459257,1
40.51033462715266,3,56.00795055042748,74.31165783381715,0
46.501361994001314,1,72.14699196798621,3.958498317052972,0
47.245534784461476,2,80.8304703288271,49.27882682477062,0
39.393791067619034,3,50.79349188154266,324.00671106531786,0
22.19358897980382,4,25.50704948181806,314.6004279225055,1
16.52765774375973,2,9.403073968486027,215.068716781311,1
36.03420677542073,2,52.803783621892705,216.18606975611522,0
34.359463436520365,2,36.64761600622143,239.41320283665198,0
24.39467428982036,3,28.32057555215966,63.133660304441854,1
37.098427036840725,2,66.13710545805468,329.1883005329855,0
15.908723760099976,1,10.87469435019577,150.75738896114632,1
28.169343979307055,4,32.46917175796419,137.92987016981908,1
27.718350798595356,2,5.5963703276174925,186.81037390182152,0
29.088629773369146,2,30.99544431111712,16.907748039019815,0
15.0,1,7.964057556798458,59.86201275218859,1
25.358824573784016,2,11.280827409920471,265.69210191349333,0
15.798425816021252,1,11.211947691511684,29.807520453045527,1
33.15006170908939,2,42.82673812791887,217.13475940789976,0
37.52490584550964,1,50.19060270160942,88.32567948527554,0
28.28018926425528,2,38.292811741055935,140.14642105511155,1
37.098792295869174,4,74.89929559351572,103.92974523745195,0
19.81026553349078,1,25.426582938074937,128.0421779273817,1
29.945516473585293,4,20.362980171466386,258.85652586632835,0
39.91472915333009,2,61.648572692681626,106.96381762434301,0
26.411000817762528,3,16.933640218705275,203.90567050688298,1
44.3968522618034,3,75.1115527642878,171.37814479167588,0
22.584500838450353,2,5.6384575495488525,238.92161953055333,1
45.36320521078899,3,76.53296210030226,337.25870615691287,0
31.58710828188911,3,7.270507366564915,263.72595499569013,0
41.25330614586716,2,64.24108316030467,77.37853629267244,0
34.437621952721976,1,34.67109360971562,11.225928622062483,0
47.6307895673191,2,83.50308756011152,94.41505594793703,0
21.59151508637852,3,8.888988650895925,214.22805505209175,1
38.46248698133203,3,36.351578382716575,18.513292854330125,0
49.23269221567137,3,76.4041417816129,178.69184899244507,0
35.91298268425125,2,34.378865333570765,214.86342561008013,0
31.04581371753664,3,41.429552434547844,120.32780069410589,0
37.642247703694785,1,46.24187874997519,277.5283933484959,0
35.90314188272834,2,30.137769870508073,38.37537112815785,0
36.59693853690362,1,41.30128618120986,27.049601424891154,0
35.52946398746944,1,38.35584970504015,262.1479522332972,0
43.94235158141588,1,65.47395336530043,178.37687383423145,0
17.477125414765013,1,7.391080100858239,247.82486271398497,1
30.898999934771258,2,20.098272296043564,156.53784189734864,0
44.41178378108917,1,72.6947232101066,88.70473196607846,0
40.98908239826915,2,64.1354579977245,294.8768343627119,0
32.86247190042566,1,30.20526690394837,287.78971642883255,0
39.24733879375031,1,40.786348675983476,250.09072950759364,0
29.580476728522594,1,19.898903947760274,97.97224940278657,0
15.0,1,15.003678748630183,212.48304007287135,1
27.712969190281726,2,30.69315361237004,129.95060289840964,1
22.055962865917227,2,24.186700089727026,32.969546397588296,1
33.834846274171454,2,38.31196285281595,330.2328871664074,0
15.0,2,9.097521854906434,49.254707130826105,1
41.89099867605967,1,77.58777725104653,342.08544737548885,0
45.95901130681061,3,80.8995473687946,160.56207826486406,0
27.105941528135244,2,15.770352241428801,154.7946770835815,0
29.48012273628421,1,21.939709614792864,214.8878485967962,0
31.348514690614536,1,17.915148734322067,359.8407731701579,0
30.9732936050122,1,16.45949911601418,277.00160186953696,0
31.865562652209714,3,28.35794332841902,143.23165308627378,0
44.04363924611494,4,66.32971306941138,297.9190988186569,0
30.801934579297992,1,33.36853800926083,61.455010792492864,0
20.080243951181192,1,14.992807233785802,10.966927071225644,1
31.07467878991194,3,9.057110937020816,73.6014140871383,0
31.609148313450326,4,46.27270051811527,122.54816020113348,0
29.60295763974913,2,25.886600216960254,183.80907268544155,0
42.41111865249476,1,56.86232060835856,221.44649059483194,0
40.034098519019985,1,43.56573671381067,327.8180581971918,0
36.30162438977394,2,54.48862140990537,183.54744343816478,0
26.81265653361795,1,19.59687105441379,180.45923206526257,1
36.87338330627524,1,45.98612923650698,18.087483536273567,0
27.727147896197827,2,19.159753826726917,12.568158956240572,0
45.32893381832413,1,70.80046015032895,198.41758628989393,0
34.758903014711066,3,41.91799970962841,157.74430076940402,0
34.200086926333555,1,22.5434831115547,302.1049421929075,0
34.46000370462432,1,19.461787078575917,57.844650496264265,0
25.641650424758765,2,15.155641317694077,8.989798362137854,0
33.76342993939059,1,46.158172560011785,161.65395645484531,0
23.037963797053735,4,16.667013635189985,85.4922804308127,1
41.28347640649979,2,39.092551128147086,17.86117440198148,0
32.15375235324001,1,19.191485760095606,260.85538326514643,0
39.80113052801693,3,43.74343581901296,40.17347998460909,0
39.69737176377076,1,56.20868602085119,218.99502000279782,0
40.70334071152842,4,52.87983831725275,101.1779100600801,0
37.97043851713769,1,51.415986110796446,62.458578127807925,0
26.491646139234987,2,14.982088075564953,136.71054825095428,0
31.554306424655497,1,9.66210663730119,288.52047944026333,0
32.563624363371964,2,46.48442014199596,141.15368768564616,0
30.9235791171533,3,25.049391465804607,270.27707371598007,0
32.50055724015727,3,28.80437021416159,45.17506684769425,0
23.578366976206063,1,6.63765726760115,278.1977110794285,1
18.17713019660537,1,18.91157937732412,85.29599696639352,1
20.21512616697331,3,6.770751117393211,243.8615267599942,1
40.755518674063815,4,62.83750924481496,203.68135974275867,0
28.865763202138183,1,18.01940052369127,334.49209819620745,0
33.36271656454021,2,36.57808605332608,139.43610647111305,0
27.428427322374564,1,7.050134802428282,23.81946798039856,0
39.62846860793545,3,44.097666951936326,6.8959747984510456,0
34.2398289378773,1,22.459445156139875,297.6690819501911,0
44.40918759822106,1,65.06900500154265,188.90482955811558,0
41.41645140291852,3,63.879398481127275,279.08785866058173,0
31.178895977916635,1,22.5875940373362,84.39321600414529,0
40.356791557497154,2,65.44912932290237,124.23014838476415,0
45.681440811980906,2,85.1997912128406,10.837393996074818,0
39.450370812610515,1,57.20688492570617,346.13723684668037,0
42.06818620119402,1,59.136479906787216,240.43244641229282,0
35.071672540165665,2,18.328334516594378,335.95383159335023,0
33.21431623287272,1,37.84991692996613,95.57870667446603,0
28.745282598364586,2,8.54290150832373,220.1269000412379,0
24.90483275473204,3,10.008893384086212,244.25998858534962,1
45.44570926293391,3,87.42354556918401,114.31789209273184,0
34.39626877802946,1,22.66401163378421,305.31932460562683,0
42.311156278642706,1,50.36566569303111,340.97812664408923,0
39.57142567476783,1,55.438253325788864,318.54784237056157,0
42.31307178816447,1,60.504847969715684,266.0641113381741,0
43.3057613421691,2,86.2291047052333,99.88728470098346,0
19.838812008826828,2,17.914921019384185,101.38177515802742,1
26.899012586384536,1,7.122419640280297,346.80971536057365,0
38.59528218945288,1,27.549163662975726,3.7024185368491302,0
17.41584258284766,1,11.882138624798388,257.77799036717204,1
15.0,2,6.178545512845989,254.2486185198944,1
28.60615066136992,1,24.59297460978796,224.16823474192708,0
35.945772398402525,2,53.377829259062516,356.43918459127167,0
33.13665557177689,1,37.15623649786165,112.27659687494108,0
33.60439736475936,3,21.880583481396258,122.38987096556934,0
37.9172479511941,3,43.19378937586101,28.418185060759996,0
24.21652915167923,1,17.394681075638232,159.4073291557455,0
15.0,1,5.755511052722247,93.9774694445453,1
39.67878739262449,2,51.710629849061114,123.61921278395192,0
36.61067009655352,1,41.03622319067962,300.44584449202597,0
33.426822462066205,2,51.537858488707954,336.77442486989844,0
29.212443663623752,3,7.047958063962024,66.86390592186683,0
37.59736585212765,2,58.35504954959229,134.1032153592477,0
37.31657600586904,3,40.744473397373895,334.3070023615419,0
35.38703126834896,1,36.97367019352339,22.25104584812015,0
40.52595326867686,1,41.09664274996031,33.249790120096264,0
40.23481411740991,3,61.19310127653525,58.60475611424257,0
36.5968733150838,1,38.53095494610593,214.2766202856749,0
32.519209591918845,2,38.13183060672724,54.17001756215909,0
50.73896169216482,1,82.52051005751785,348.50749732226404,0
39.07744462574857,1,51.07166763743521,160.8172298130673,0
31.61581092386791,4,29.399825685953758,180.5464657260599,0
38.57471000282364,1,47.12998390248228,88.79710168994633,0
28.34835268317598,4,26.26110697152594,169.54569087650407,0
33.475727827101444,4,17.222513804599327,238.28890774932415,0
42.130294482227285,3,39.196987076285396,270.4237693034554,0
41.380246243142864,2,69.13809239175231,271.39250977556867,0
39.52787220057474,2,69.27916275848843,208.0408005698718,0
28.013524523172084,3,23.53205141381466,325.5695189977886,0
31.60482292437845,1,34.669590066464075,294.26682503019936,0
28.568650534315054,2,16.280877480264454,272.5373212915052,0
40.20532965799348,2,84.88122553855943,20.017987804965824,0
44.953119203561435,2,79.3466347410483,2.476066399073753,0
32.39076979706824,2,42.84803793439491,76.48101979037027,0
38.684320009447774,1,55.231263526770086,238.86849380884283,0
36.06287496948302,2,47.72552268808689,148.0310959977165,0
36.32160458874877,3,38.94814734191392,144.86625334775223,0
29.258354316813396,1,7.808014448095854,318.45127976266093,0
34.54371545615793,4,30.151274059613893,322.4026253274619,0
31.099212958111195,2,44.6787106921744,327.30309505929085,0
33.67979581116391,3,44.88099580349072,112.99610754540983,0
31.747157509222454,2,25.32539801774853,248.78009258613423,0
44.80340915652652,3,71.22216613723116,97.78794525877306,0
30.646092708591716,1,13.882211141940525,68.61953990680192,0
44.30007862397413,3,32.9499344661296,66.46768464505291,0
32.928948480225365,1,45.87521668241552,123.15874351089386,0
33.43063465842064,3,46.346877401571916,154.7847431207358,0
35.96079206623014,4,42.78600698821438,299.1417015798246,0
29.067454890614584,1,19.782529148547187,43.16079365017635,0
22.523093958774716,1,13.282236614636078,264.5733050621619,1
37.846375531654076,3,41.887504776085954,191.32376910814992,0
33.25370562535818,1,39.36254546296479,103.66032336335729,0
20.682766660260352,3,14.529583080932838,177.41505043181687,1
34.111530129890504,1,46.95668946381588,107.97914511972816,0
37.85198905487622,1,30.175934089566503,214.58950388579015,0
33.24885378842747,4,44.164211417520264,156.18381222788793,0
45.46855159182317,2,58.37972636010771,59.18599046839634,0
36.75731641016145,3,14.010007298935019,41.96990684005082,0
22.60638385699424,1,6.005966398989187,196.81044554596684,1
35.524127150830836,2,52.973308445136304,324.86869198299723,0
32.1585764187459,2,40.069364076276095,123.8247671607668,0
37.408228883881954,2,46.53691390065911,263.88003860014436,0
37.197469607383205,2,58.458413409302544,237.1180877783161,0
38.59435874466181,2,55.084502878075,335.35976915141316,0
43.85739775221269,2,74.64987057062957,295.5531662276907,0
28.860571224818457,1,35.1964020637398,203.97789320596667,0
34.906428335806396,3,32.213536221413115,236.53097936427864,0
33.70000410267356,1,27.001650420169724,323.41912797025253,0
30.223517630559506,2,13.147090633851018,143.82676245129653,0
34.266902435580704,1,37.579161462464086,117.64609410879986,0
27.829876641285107,2,19.878399330092602,3.891990108670682,0
43.88256541645081,3,68.15071134394964,297.5583867089271,0
31.67375349715403,1,38.28095352670989,288.35305214521134,0
38.85722447707441,1,38.92676215800863,37.6036265160545,0
28.97717573287843,1,24.276887896780124,207.6686572077721,0
21.71335926658565,2,7.736295592167191,167.03341134007945,0
29.858759906654566,3,6.668970791061128,42.73527438328013,0
36.008771700589556,1,28.267896835543535,353.00456174186047,0
17.928482873390287,3,9.459521028757571,77.29051948680795,1
32.49801296375192,1,39.874826015390795,24.204304832602013,0
42.38983225780118,2,63.04298767198163,214.14505662068746,0
45.8572116577951,4,63.267893095483046,265.9920037678918,0
35.63802723838879,1,43.53215544122164,11.679640576987307,0
26.319802940591796,2,16.25886226422732,237.13834994172797,0
42.85953399521102,1,61.03757304471962,191.6250753425236,0
42.759252847754006,1,63.63988266438561,37.17540319501743,0
27.653712284171544,1,15.466198510610246,62.108595700690344,0
36.28274372468094,1,49.49161472353134,204.470747033789,0
32.657365105331706,2,20.408033892005573,106.68874086478381,0
36.638656769336194,2,55.06891468345588,337.7936623144738,0
46.50107496678192,2,85.93044451448796,294.7464826142583,0
29.44933571470181,1,6.578524559317793,354.08419434491867,0
46.3403232084538,1,65.00043830584686,93.48150202214903,0
34.70400839995298,2,40.95912499808522,349.10050780727175,0
45.42235517341893,4,77.34384066965296,155.24419312496084,0
32.85617969035208,1,30.772931826186095,125.10676631295166,0
39.48307074529065,3,59.39402624826777,18.125829708967167,0
28.113790605216845,2,8.285849460843707,18.995492829456943,0
26.987405729503067,2,23.15458854487504,249.1240521407957,0
22.620717544224252,2,8.530241366217727,164.85443799625006,0
43.80933421521091,1,77.82068435961718,81.54778537299805,0
38.71519974502923,1,56.40045986854908,221.02931027708374,0
40.80440439890762,2,59.92826969390103,91.02892257004002,0
43.95506725115881,1,70.62576286102443,207.94743156399213,0
17.617754510611345,4,9.488054387495088,129.31514891376852,1
30.799565672778762,2,26.04942380737291,296.47880158025487,0
27.21260334016973,1,8.74282025781349,295.45061787604055,0
22.244460640887045,3,16.234961269791913,171.84614332406449,1
30.840213039894184,1,17.249364070290117,126.2948793606056,0
33.75863696882517,2,31.02269538796439,130.52152676127403,0
31.835806530259248,2,19.409114581159887,290.05722924055846,0
29.042347389661522,4,10.330912972659895,118.14461380714032,0
20.79456517066087,3,13.889433672206433,75.26137453446457,1
27.409143349224898,2,12.80275552290725,30.487803075110456,0
42.5945122609313,2,77.27104284265404,168.00952351838703,0
39.60325751850591,4,51.28544474051982,173.56755561114306,0
45.107833298717736,1,76.0654009452169,302.72713574504655,0
37.122736583644425,1,29.24665613555693,79.64593072058304,0
31.869224483036906,1,19.953830120871636,137.15685852062396,0
40.44465532622927,1,54.673784070379554,291.02606600172874,0
26.716671554246556,2,22.642173232618013,296.5044998696305,0
32.019081381066954,2,21.1275972945038,138.45998735235656,0
32.06521048482065,2,17.421419331444284,165.2846483832051,0
29.79004570094247,1,11.860670127844363,109.18292070574185,0
32.2067235147888,3,18.73953928451523,335.7197562309523,0
30.818085707912303,1,24.299558435418508,42.71175566696891,0
32.167477578443425,2,44.62047741668563,336.1497922805292,0
15.0,2,8.294875606554832,246.19192266072355,1
15.0,1,16.21937339476124,191.36597496722322,1
38.680445770380175,1,55.65630800661898,11.757261882418515,0
26.889675804862616,1,12.783788553465635,171.21462905592298,1
33.898250234884365,3,23.57426492284925,146.7893178009836,0
39.63017050780529,4,61.21760609800393,58.03877231104412,0
23.605534087397753,2,13.21339202856386,236.30745726023648,0
27.080092183552154,1,9.362579593832503,349.61432665258286,0
29.489947006985243,2,31.96921075345599,202.38797198322905,0
32.443173093081185,3,21.29793535615244,257.3111795198205,0
36.72198119708505,3,36.974522166818595,24.642162923766044,0
45.8598323200559,1,55.17543250338683,150.3601184941181,0
27.828555508666447,1,12.260159752651953,41.889054659218516,0
39.96876542360025,3,38.11512337623875,220.60650079314374,0
37.90974195945442,1,33.271466276295364,337.85357695709564,0
30.67399993053716,1,12.631352531730073,238.23998368978985,0
34.53961455355198,1,41.05393482952048,27.649097393191752,0
29.57688388009095,2,19.690967036820624,127.67983379462981,0
34.13190370040623,3,32.17266433538889,198.23881659870656,0
23.984108685573617,4,9.337957524394971,145.1547922079708,0
31.45108811326947,2,30.443231228208607,300.111843771062,0
29.414297196595797,2,21.525122969290248,293.2815616955961,0
42.06874627279928,1,56.91500541390769,220.25916723715972,0
15.036774801799638,2,7.999730696768849,134.4448602477739,1
36.614683107755724,1,27.987504371155083,91.92109455476789,0
32.68907830745676,2,30.373330568788916,38.11475455672655,0
35.785065004368704,1,48.50152664051442,127.76316605515946,0
31.652601556138983,1,37.69013911540757,148.74210619477904,0
37.825377261992905,1,44.12425138991734,243.2962530374665,0
40.500918046640805,1,52.79533799399022,236.93753674712644,0
39.23947992572518,1,60.951944388332755,25.238930270852503,0
28.406001053922946,1,21.94245497712674,142.2933535552168,0
35.103725382062585,4,35.33012682181385,65.4403921982503,0
32.982866399189305,2,58.65423344409689,56.45257391405005,0
45.75281720505663,2,82.04229118514884,297.8287739054085,0
41.798327204115466,3,64.04634484323509,15.089478017852711,0
35.80287682099301,4,25.22965168450165,150.90583532476367,0
31.26530370356928,2,15.385515122594688,60.55331607594655,0
34.7187948544631,3,32.26899793494722,316.55887764425063,0
41.11756962012632,1,49.832220461106346,200.53458477901265,0
30.26386405435935,1,32.46569814829553,83.2970290956653,0
29.41284783409385,2,31.885577790333482,180.8738233798955,0
37.52300823164591,2,58.46595744237355,263.3350894931217,0
33.653548956126706,2,24.64918143294285,344.9224832109962,0
36.13448297061225,1,60.693573266933846,79.36056152835081,0
32.782019400318106,1,27.290690789102914,319.02543796656425,0
28.182455886277015,2,22.75437936363087,336.3494811002965,0
30.76861073975736,1,30.104443148142384,329.91139603154386,0
39.482259550039615,2,51.54999678822465,228.74916847028754,0
31.64524210967569,2,11.664232772695186,226.73543559649477,0
26.707467928038554,3,15.45348033505027,145.1558279461762,0
41.5834885910532,3,72.87734746823153,270.86323762936365,0
21.26825363283406,3,14.320888123232848,191.2658466063355,1
31.806984572582596,2,37.25780128838225,243.87770564218602,0
34.76586224463732,3,38.023136247932115,154.24484538556635,0
31.117815105332316,2,32.28334492611205,263.33872705553006,0
38.343454268105106,1,42.50913444436728,296.80974633763765,0
28.011192401114307,1,17.274609790003673,52.7170523770138,0
31.73893707608838,1,36.27420758518929,299.8546976067221,0
31.318199477218243,2,25.270477295097717,194.5067514445106,0
33.475131637596995,2,43.721598949042324,304.07972727248074,0
15.0,3,12.478358902769909,155.26861428276527,1
35.661119376688724,1,37.46508884826366,136.4545747378926,0
29.042151820379928,1,14.84936869025955,329.42186370620004,0
15.950734867930564,4,19.969109246958713,90.42093631742446,1
29.407402036426287,1,16.666696287760377,303.9164371030115,0
19.74752470160353,2,14.717783889832893,174.2474061033855,1
41.1049041586994,2,57.23541137477493,185.0743593184535,0
26.45078206697985,2,20.36272808452197,111.04858133621424,0
45.1406656808424,1,68.9832088488787,206.29519222284563,0
44.47701524847392,1,76.54367856883631,117.07603065943607,0
33.39883376212419,1,37.49033423714412,14.136989126994832,0
15.0,2,12.57359696272359,97.91949792396818,1
36.974529362483146,2,25.407917359299944,2.2964556263726443,0
43.25999736035474,1,54.623078157867255,352.20772334046836,0
32.444927590909465,2,24.99418386411163,347.6689955351091,0
24.622062569749616,3,9.58954997567982,142.2559070900298,0
40.454067631622294,1,36.542125975699975,262.2135075622726,0
41.913304513290015,2,59.161927389226925,124.490195427753,0
35.36102474330708,2,54.460262353719195,241.59353655095137,0
16.189802342659913,1,14.300998245522784,289.9548154965525,1
39.046103525725854,1,44.530195483330125,340.83224808920664,0
32.4859460640573,2,16.764691437879122,144.07641930588193,0
33.61352306860043,3,16.639276687320596,281.98727386417715,0
43.49045414386963,3,62.25732309780289,95.73424222756276,0
29.35064470639484,2,18.36471443263135,356.5196293657134,0
29.568131724435414,3,19.11465414111567,9.277055555166411,0
25.932258401139112,1,5.0343051627804485,217.27037034040353,0
37.147856766332794,2,61.87739527416629,237.42215339447776,0
40.54753012064073,2,54.161577673490264,247.6964005466864,0
35.929618087223744,1,41.2853350128531,43.339528364072045,0
35.352394052658696,3,50.53667122623004,337.87072205032695,0
25.906948090340663,2,13.058889275078084,65.22598045802981,0
37.65992124124041,1,30.366793876431675,224.19122516634278,0
30.235782683433072,4,24.064471520062604,80.16338848431059,0
28.964403713434677,1,9.948278234695879,110.59791012765753,0
31.39414485981643,1,32.06744490078279,196.72507502212477,0
41.6064916579968,1,68.0710454138497,150.18963068324754,0
25.728508912526145,3,7.107044314346618,57.68121635154226,0
32.50349139499508,3,20.68403424095774,61.537104871505385,0
30.43124935105564,1,16.05788096768998,150.53212373860788,0
33.413397435406836,2,17.73088523161889,272.6218721791803,0
41.73072599331202,1,66.40748271277735,323.2672728652039,0
39.76241240983787,3,30.959355711714327,30.285958413377823,0
31.97258120963584,2,30.85148362572874,141.5174067213844,0
37.22582371698164,2,51.39287189255572,36.08840294023559,0
27.066520617477334,4,13.190124693874669,5.973293027735238,0
31.485975842414245,1,32.13751470557197,238.2187257518244,0
32.404363074720465,2,46.02754401889659,48.83812817773599,0
36.51760784742863,1,49.149337167307515,93.6172944908762,0
48.25402211434439,3,84.75979417490893,138.6209000588262,0
30.890614282456944,1,20.46338272094056,339.47380226560887,0
35.540351098593334,3,35.342782667676296,219.73538152140915,0
35.32922820509604,4,35.029427357020886,300.59056284586643,0
31.916533033938034,1,27.22246929906669,255.7265402564396,0
25.64240857580183,2,13.979469916559294,40.501126989587426,0
45.2842894455633,2,78.3562297059428,264.93134629462156,0
37.03985027667029,2,60.008713822019075,99.0355973612848,0
32.82458318145097,1,32.823722321019495,230.07882491809428,0
38.038706173628086,3,39.62981553700488,122.74631051147587,0
33.38152539278429,4,17.134134181264066,359.1620147752773,0
36.271040203254984,4,35.70052462516241,94.87853261884001,0
36.28429037663557,1,46.183033466958754,100.48696947873708,0
39.92386955619377,3,33.87776812628556,335.04201200246337,0
48.208059046516794,3,82.36383972950497,8.87198566907616,0
40.03446162734693,1,40.18183205700277,250.8080356343509,0
29.203043477112235,1,25.201119184318433,261.1175006649161,0
43.075303669036195,1,52.3737747782677,301.09628786774374,0
29.118742011415833,4,14.049581918643618,350.7981518298511,0
33.1035767160732,2,25.986463913403632,351.2166908963949,0
35.09076653350947,3,23.820662332280147,23.499632723927,0
31.552301729999225,1,28.772195927073167,295.8621561910449,0
38.62217620289708,3,53.206465983640044,232.67157611665726,0
33.809041792969204,1,31.94671250912847,233.0431683743128,0
39.30517866008022,1,54.288587120183536,46.205973581290124,0
34.488472169575815,2,37.83577696589688,234.0673799204352,0
33.529540833117686,1,23.541416266075686,353.6937290164492,0
40.94650493189813,3,55.74495474692657,328.2546850342009,0
32.23277547601115,1,17.738738534300786,158.0870378897462,0
25.051960741996872,2,16.97668018646118,14.381270382993963,0
32.9169086538247,2,33.20856750637643,130.42565640007373,0
27.764080149831187,2,18.981962673615907,297.5005121761999,0
19.465157359369897,1,5.477266107852816,252.53967652745976,0
35.099467860886385,1,42.761679312431255,165.3637160138243,0
32.989531874523756,4,33.6215510632978,19.836552657179194,0
34.600271336496945,1,29.593559228074223,153.68210201638894,0
50.47585465225754,3,75.8942114897821,168.84897829843806,0
37.18474503168172,4,37.48629456790169,334.27999184188894,0
40.35930630709557,1,61.08456464787947,230.7909972895774,0
26.755098086032003,1,12.383384626312978,112.1950499956736,0
35.88274875881955,2,37.35506293544276,189.1145752022597,0
41.32557819945387,4,61.58041718011236,23.779910815977626,0
36.255822077411565,4,38.275287201954356,350.12456483390525,0
36.456797568131556,2,47.95258743014444,129.62156469506135,0
34.1803794019782,3,25.26297679870639,172.0322477687289,0
22.616182530410985,1,9.877820912703386,127.90223072529213,1
35.261817301494034,4,30.341137428927784,245.70422284183206,0
28.67410821341569,4,26.56763877641602,238.4035769986535,0
42.4777674487438,1,61.479538199444896,257.51603179048885,0
26.49150038216787,1,18.052327512539673,96.5315626602915,0
50.094832215787804,1,75.84401969742869,113.64065321906375,0
40.867828791322495,1,74.10947961334304,45.09044319463486,0
33.86853536024567,3,18.252477159293978,235.98358986460053,0
34.32894598084032,1,23.883167129379895,14.326965840834918,0
38.527773839488056,1,64.77734918103042,215.16564078844527,0
37.993528070004785,1,75.82008578231604,313.0905185465882,0
35.04023185768868,4,29.46860519970861,320.6995733842681,0
31.382183094725484,2,22.344588176204084,161.6535937331862,0
30.403891169545442,2,34.56895402062278,165.34932775670654,0
34.36014403407463,1,45.6417168939106,27.70890588288625,0
32.4447491260003,4,19.681751333826625,241.47540915949287,0
37.15997193113465,3,49.41494691305932,295.65339133422435,0
27.460366420549782,1,7.718772422626748,88.0758196576967,0
31.38334605351191,1,7.594077900670375,151.66831738801127,0
32.79750797992118,1,26.089606266213895,301.9821612354973,0
31.988408789897015,1,24.193635785978618,315.7633683584237,0
33.23220238090278,2,22.0416017231452,87.54479289512133,0
33.87153861174514,4,32.369706999583,198.20542843489113,0
22.738017232403454,2,22.329690625438253,69.29753422889775,0
30.02393314727056,3,15.227794316724175,36.67635509024036,0
33.2793085659724,2,21.694233501665302,328.00338050110474,0
46.05409017388945,3,77.71236063623083,295.3827015235593,0
33.52398019116554,3,27.544556515906223,273.6125646491426,0
38.764330902986195,1,29.54514906058134,17.55587477273055,0
36.371487653650476,1,37.83949137035952,303.7423653756927,0
37.69025105444609,2,79.9950397452294,157.69586732593814,0
27.082431341613294,1,17.92068119562507,123.26224438650947,0
36.75634609127614,1,45.158502374620525,196.7314899691355,0
36.7514248764816,2,47.79434189346943,32.8871673804801,0
36.53212297264666,4,39.90737310746413,272.39275776686355,0
24.833079384431475,2,9.672367187004486,209.67662767978652,0
39.45978736311445,3,44.832348499006855,67.17243487434031,0
17.36041151146338,2,8.375745256148265,67.76359191685641,1
38.05568548526029,3,39.149138638704684,66.32951456616271,0
33.8490786818097,2,49.665450319255186,20.520859518696234,0
28.4851963429006,3,16.244591981138058,211.60744177380653,0
37.76016961422227,2,58.80678056209563,302.5253439318629,0
28.172965981311787,2,6.595783138377317,6.299357035459896,0
39.97225043439531,2,59.028732167542735,17.64167218965848,0
36.28159913422936,2,30.488437526211182,206.1972996073005,0
29.10982973137115,1,16.605457293108632,295.01844673897887,0
22.086956002846136,1,12.079830943782465,117.6260006047081,0
43.310105981334914,1,73.21134635172074,125.86118357077997,0
29.04011134234157,3,8.829121942140269,214.68473909883934,0
26.4100936500744,1,15.598644124828168,98.71664008469291,0
30.70078213220145,1,23.870034217834345,9.579011787966287,0
36.36860679615272,3,40.793412312151524,264.6822665165746,0
33.08428501040265,1,35.76585932038358,225.23396865892312,0
34.01464573301726,2,11.645085854792207,209.07215966003727,0
31.01476328270147,1,20.58718451218412,267.0062864370563,0
28.070850519599638,4,17.76411562222768,243.0831015223335,0
33.776723972103504,3,16.384809596272813,74.11751574419561,0
30.78658427217085,3,27.546380420992627,126.89317689960642,0
36.619183181050296,2,46.87187698925033,45.399651004305,0
26.613007370655502,3,16.598088944010467,46.74852483043717,0
33.65740953458811,1,24.95311256805069,243.43046868835413,0
34.884690331132525,1,26.359534790636705,309.09603851369934,0
43.18716074904178,1,78.09985912540385,346.58373019001004,0
36.52023618907645,2,73.45923987749102,226.20496231779998,0
41.103198738614765,2,54.84095669582123,66.27647640994451,0
30.211273556788868,2,17.923849880030147,38.034124361615056,0
27.23255237677033,1,8.584231168121269,292.62634975323283,0
30.77657735404121,2,22.11333327223725,208.35233148959975,0
30.087366389717996,3,19.311123345829493,222.58260756493914,0
32.18493777860586,2,33.29755864459073,281.3263519516953,0
36.55893967105808,3,52.854077211443325,253.17980198368258,0
39.020424219003964,1,60.536697211754735,300.4049710281948,0
42.16435267180369,3,59.135739486172014,20.23700596555625,0
32.97754863570898,2,24.549769306350598,269.10742922874175,0
38.454448032039714,1,45.601718656436326,306.3069926359544,0
29.502533725332388,1,21.883751547443264,103.00861528499316,0
22.204507475937397,2,8.207183015252177,230.56101863757104,0
38.01913405790037,3,46.68352844347938,113.09834298130995,0
32.08307483781211,2,5.516175670924345,344.86958393368343,0
29.694229315413406,1,27.43071894115806,12.032486076781353,0
29.096829702244,3,22.81940097833957,208.7254237798638,0
34.43807889526717,2,46.062856715637494,59.941276937825435,0
34.868663517686564,2,51.87062055158849,256.3992738637771,0
29.07754027308112,2,21.39200024552688,63.32050203071835,0
41.926937207931836,1,55.898412631991754,84.73797428340872,0
29.757813381997895,2,20.821392290657258,177.9734919764729,0
31.51226420420627,1,29.642203730480382,329.34058199887613,0
39.187451117382466,4,48.660628686346634,76.2171739732695,0
41.28125409125507,2,46.028396618375965,51.926407602517266,0
39.33355171847919,2,81.29072296679962,273.23165946745104,0
34.04863258062214,2,17.019232450190206,180.22303164021514,0
34.31217453690653,4,43.76870515545706,328.2426404574377,0
39.10653006752734,3,40.06830358279685,52.78124057754322,0
41.994921546124495,2,67.29406521258245,232.53404148829415,0
31.86170646847176,3,13.290597195141064,83.83649261465341,0
37.872933459975854,2,50.66294125723857,56.433754314590146,0
29.9422663763514,2,37.293379935458816,246.0345894566174,0
34.515851422979296,1,19.747941564493576,213.72646316714395,0
33.116100615182376,2,31.348413963350453,271.73788501043924,0
30.6583558629585,1,23.0691497551569,111.40652752062564,0
36.967837506050564,4,38.02306561389661,161.26979629758839,0
40.00724545227851,1,63.98442455131156,145.96980347895064,0
29.75753525208745,4,37.36154570665971,354.2722070279451,0
31.739489465462736,2,41.59185678762842,105.20962442617964,0
34.07936662870016,2,34.10364940066104,106.13420580483607,0
25.34546741215055,2,7.692813166854027,127.63735517829866,0
26.319694334999525,1,17.440746767615508,203.25386926451574,0
34.75521118104471,1,32.43053528263616,90.83618793494828,0
30.511437782556776,1,21.73734246611685,329.5043785365386,0
26.41490915794089,2,14.659703681016982,95.64680335185486,0
30.006928923475,2,33.185436239177584,322.4936633616701,0
28.904182748168495,3,22.447133366721545,37.25102291277047,0
34.239971858812595,1,18.830393914566777,236.36257286387485,0
31.285953938920954,1,30.71061202545683,326.5147866377677,0
31.314384221393308,2,12.053415975430632,60.749797823362634,0
42.23614316858671,4,69.07409814570352,348.5977056357318,0
42.453056912848794,3,61.54993292382172,163.0380097495842,0
45.09055169393682,2,47.1471752214296,340.4574390387688,0
30.416000565194945,2,10.609389266021156,243.65521570681693,0
39.15653719023316,1,52.69407764146765,108.57127315447856,0
36.8206423135173,4,55.55757610075762,67.7889089701583,0
36.70011484022758,2,51.999489207788365,109.34461664103578,0
26.41830869019803,1,11.022172154964533,33.486267334562996,0
36.965800899758825,2,42.44975687303609,51.79246788359872,0
38.810491306713914,1,58.077525605278524,37.677758524733214,0
35.53543825752415,4,37.89305000565662,152.2596757469608,0
40.61309490925887,1,42.62717372858163,286.4082154527311,0
29.658938931744018,2,30.369211668623525,50.898079517882465,0
34.91072015718549,1,34.73510786215926,46.91535594204092,0
32.157719541330295,3,6.807645081834696,231.63442182623908,0
35.364201235127666,3,42.10022000123622,70.98587350850386,0
30.097295530395343,2,9.294225635011191,35.139613719236976,0
33.97694709077983,2,28.963759808416533,60.06548815400795,0
32.152479954990774,3,20.750810605602013,332.5433025156394,0
37.37036177982477,1,35.80627613977324,295.7296509994287,0
27.652353205682612,1,12.0604797291379,127.46324244783388,0
34.60441889413814,1,45.932296033954636,236.09547623786142,0
34.18047949587824,4,54.378027224084676,193.4192425204937,0
30.030046158850695,1,13.666668579598994,243.764734853723,0
29.10619437559093,3,10.508264180613308,245.76161488659335,0
26.176905436004244,2,12.708370205548254,226.34424542159746,0
43.634846855460175,1,62.602641472571506,95.79649267343109,0
30.912346042102705,1,34.7021432708635,14.042311474614525,0
28.532944229503034,1,30.910083794350143,164.00404151643917,0
26.374055568394365,2,10.635889423949495,320.7505984886534,0
35.41893449850813,1,42.85139640561222,205.01901306668734,0
37.88830713744261,1,61.58261134473589,299.6607750126868,0
39.231972073327924,3,57.475376506261355,356.9847634660421,0
36.17881220792749,4,41.196704989663495,58.901833489779456,0
27.167640120875813,1,8.96745913403487,249.03995009111364,0
28.422239293135636,1,10.938587207266275,242.74568653200888,0
30.380034445277488,1,7.594842694233108,352.78396104898025,0
26.116277546857592,2,18.7956708151553,354.81626422300815,0
